AgeBand,Survived
Child,0.5797101449275363
Teen,0.42857142857142855
YoungAdult,0.3532710280373832
Adult,0.39869281045751637
Senior,0.34375
