Sex,Survived
0,0.18890814558058924
1,0.7420382165605095
